ImageID,ProductID,ImagePath,AltText,IsMain,SortOrder,CreatedAt
1,1,https://loremflickr.com/800/600/chair?lock=1,Oak Dining Chair Front,1,1,2023-10-27 10:00:00
2,2,https://loremflickr.com/800/600/chair?lock=2,Modern Accent Chair Front,1,1,2023-10-27 10:00:00
3,3,https://loremflickr.com/800/600/chair?lock=3,Leather Office Chair Front,1,1,2023-10-27 10:00:00
4,4,https://loremflickr.com/800/600/chair?lock=4,Velvet Lounge Chair Front,1,1,2023-10-27 10:00:00
5,5,https://loremflickr.com/800/600/chair?lock=5,Plastic Outdoor Chair Front,1,1,2023-10-27 10:00:00
6,6,https://loremflickr.com/800/600/chair?lock=6,Folding Wooden Chair Front,1,1,2023-10-27 10:00:00
7,7,https://loremflickr.com/800/600/chair?lock=7,Rattan Armchair Front,1,1,2023-10-27 10:00:00
8,8,https://loremflickr.com/800/600/chair?lock=8,High Bar Stool Front,1,1,2023-10-27 10:00:00
9,9,https://loremflickr.com/800/600/chair?lock=9,Rocking Chair Front,1,1,2023-10-27 10:00:00
10,10,https://loremflickr.com/800/600/chair?lock=10,Gaming Chair Front,1,1,2023-10-27 10:00:00
11,11,https://loremflickr.com/800/600/table?lock=11,Glass Dining Table Front,1,1,2023-10-27 10:00:00
12,12,https://loremflickr.com/800/600/table?lock=12,Rustic Farmhouse Table Front,1,1,2023-10-27 10:00:00
13,13,https://loremflickr.com/800/600/table?lock=13,Round Coffee Table Front,1,1,2023-10-27 10:00:00
14,14,https://loremflickr.com/800/600/table?lock=14,Nesting Side Tables Front,1,1,2023-10-27 10:00:00
15,15,https://loremflickr.com/800/600/table?lock=15,Marble Console Table Front,1,1,2023-10-27 10:00:00
16,16,https://loremflickr.com/800/600/table?lock=16,Study Desk Front,1,1,2023-10-27 10:00:00
17,17,https://loremflickr.com/800/600/table?lock=17,Outdoor Picnic Table Front,1,1,2023-10-27 10:00:00
18,18,https://loremflickr.com/800/600/table?lock=18,Folding Card Table Front,1,1,2023-10-27 10:00:00
19,19,https://loremflickr.com/800/600/table?lock=19,Bedside Table Front,1,1,2023-10-27 10:00:00
20,20,https://loremflickr.com/800/600/table?lock=20,Adjustable Standing Desk Front,1,1,2023-10-27 10:00:00
21,21,https://loremflickr.com/800/600/bed?lock=21,King Bed Front,1,1,2023-10-27 10:00:00
22,22,https://loremflickr.com/800/600/bed?lock=22,Single Bed Front,1,1,2023-10-27 10:00:00
23,23,https://loremflickr.com/800/600/bed?lock=23,Queen Upholstered Bed Front,1,1,2023-10-27 10:00:00
24,24,https://loremflickr.com/800/600/bed?lock=24,Bunk Bed Front,1,1,2023-10-27 10:00:00
25,25,https://loremflickr.com/800/600/bed?lock=25,Storage Platform Bed Front,1,1,2023-10-27 10:00:00
26,26,https://loremflickr.com/800/600/bed?lock=26,Four Poster Bed Front,1,1,2023-10-27 10:00:00
27,27,https://loremflickr.com/800/600/bed?lock=27,Trundle Bed Front,1,1,2023-10-27 10:00:00
28,28,https://loremflickr.com/800/600/bed?lock=28,Sleigh Bed Front,1,1,2023-10-27 10:00:00
29,29,https://loremflickr.com/800/600/bed?lock=29,Daybed Front,1,1,2023-10-27 10:00:00
30,30,https://loremflickr.com/800/600/bed?lock=30,Minimalist Futon Front,1,1,2023-10-27 10:00:00
31,31,https://loremflickr.com/800/600/sofa?lock=31,3-Seater Sofa Front,1,1,2023-10-27 10:00:00
32,32,https://loremflickr.com/800/600/sofa?lock=32,Corner Sofa Front,1,1,2023-10-27 10:00:00
33,33,https://loremflickr.com/800/600/sofa?lock=33,Loveseat Front,1,1,2023-10-27 10:00:00
34,34,https://loremflickr.com/800/600/sofa?lock=34,Sofa Bed Front,1,1,2023-10-27 10:00:00
35,35,https://loremflickr.com/800/600/sofa?lock=35,Chesterfield Sofa Front,1,1,2023-10-27 10:00:00
36,36,https://loremflickr.com/800/600/sofa?lock=36,Recliner Sofa Front,1,1,2023-10-27 10:00:00
37,37,https://loremflickr.com/800/600/sofa?lock=37,Modular Sofa Set Front,1,1,2023-10-27 10:00:00
38,38,https://loremflickr.com/800/600/sofa?lock=38,Mid-Century Sofa Front,1,1,2023-10-27 10:00:00
39,39,https://loremflickr.com/800/600/sofa?lock=39,Futon Couch Front,1,1,2023-10-27 10:00:00
40,40,https://loremflickr.com/800/600/sofa?lock=40,Outdoor Rattan Sofa Front,1,1,2023-10-27 10:00:00
41,41,https://loremflickr.com/800/600/cabinet?lock=41,Tall Bookshelf Front,1,1,2023-10-27 10:00:00
42,42,https://loremflickr.com/800/600/cabinet?lock=42,TV Media Console Front,1,1,2023-10-27 10:00:00
43,43,https://loremflickr.com/800/600/cabinet?lock=43,Glass Display Cabinet Front,1,1,2023-10-27 10:00:00
44,44,https://loremflickr.com/800/600/cabinet?lock=44,Kitchen Pantry Front,1,1,2023-10-27 10:00:00
45,45,https://loremflickr.com/800/600/cabinet?lock=45,Filing Cabinet Front,1,1,2023-10-27 10:00:00
46,46,https://loremflickr.com/800/600/cabinet?lock=46,Sideboard Buffet Front,1,1,2023-10-27 10:00:00
47,47,https://loremflickr.com/800/600/cabinet?lock=47,Bathroom Vanity Front,1,1,2023-10-27 10:00:00
48,48,https://loremflickr.com/800/600/cabinet?lock=48,Shoe Cabinet Front,1,1,2023-10-27 10:00:00
49,49,https://loremflickr.com/800/600/cabinet?lock=49,Wardrobe Armoire Front,1,1,2023-10-27 10:00:00
50,50,https://loremflickr.com/800/600/cabinet?lock=50,Wall Mounted Cupboard Front,1,1,2023-10-27 10:00:00
51,51,https://loremflickr.com/800/600/homedecor?lock=51,Table Lamp Front,1,1,2023-10-27 10:00:00
52,52,https://loremflickr.com/800/600/homedecor?lock=52,Floor Rug Front,1,1,2023-10-27 10:00:00
53,53,https://loremflickr.com/800/600/homedecor?lock=53,Wall Mirror Front,1,1,2023-10-27 10:00:00
54,54,https://loremflickr.com/800/600/homedecor?lock=54,Throw Pillow Front,1,1,2023-10-27 10:00:00
55,55,https://loremflickr.com/800/600/homedecor?lock=55,Vase Set Front,1,1,2023-10-27 10:00:00
56,56,https://loremflickr.com/800/600/homedecor?lock=56,Wall Clock Front,1,1,2023-10-27 10:00:00
57,57,https://loremflickr.com/800/600/homedecor?lock=57,Coat Rack Front,1,1,2023-10-27 10:00:00
58,58,https://loremflickr.com/800/600/homedecor?lock=58,Potted Artificial Plant Front,1,1,2023-10-27 10:00:00
59,59,https://loremflickr.com/800/600/homedecor?lock=59,Curtain Set Front,1,1,2023-10-27 10:00:00
60,60,https://loremflickr.com/800/600/homedecor?lock=60,Serving Tray Front,1,1,2023-10-27 10:00:00